{ "0.3": 0.9993409999999995,
  "0.31": 0.9991579999999994,
  "0.32": 0.9993059999999993,
  "0.33": 0.9991319999999998,
  "0.34": 0.9989549999999994,
  "0.35000000000000003": 0.9985679999999997,
  "0.36000000000000004": 0.998761,
  "0.37000000000000005": 0.9982619999999993,
  "0.38000000000000006": 0.9978979999999997,
  "0.39000000000000007": 0.9979249999999993,
  "0.4000000000000001": 0.9969049999999997,
  "0.4100000000000001": 0.9957269999999998,
  "0.4200000000000001": 0.9946729999999998,
  "0.4300000000000001": 0.993125,
  "0.4400000000000001": 0.9894289999999993,
  "0.4500000000000001": 0.9881389999999999,
  "0.46000000000000013": 0.9811949999999998,
  "0.47000000000000014": 0.9675629999999995,
  "0.48000000000000015": 0.938415,
  "0.49000000000000016": 0.8838119999999999,
  "0.5000000000000001": 0.8015299999999999,
  "0.5100000000000001": 0.668255,
  "0.5200000000000001": 0.5352329999999997,
  "0.5300000000000001": 0.364203,
  "0.5400000000000001": 0.31435199999999996,
  "0.5500000000000002": 0.29365699999999995,
  "0.5600000000000002": 0.249376,
  "0.5700000000000002": 0.12630599999999997,
  "0.5800000000000002": 0.12842199999999993,
  "0.5900000000000002": 0.11770999999999997,
  "0.6000000000000002": 0.12715999999999994,
  "0.6100000000000002": 0.13734,
  "0.6200000000000002": 0.09254700000000005,
  "0.6300000000000002": 0.05832600000000001,
  "0.6400000000000002": 0.062599,
  "0.6500000000000002": 0.05774399999999999,
  "0.6600000000000003": 0.04459700000000002,
  "0.6700000000000003": 0.031001999999999988,
  "0.6800000000000003": 0.04796699999999999,
  "0.6900000000000003": 0.025344 }
